,session,exercise,name,user,avatar,user_url,url,commits,status
171,01,01,01-01-hello-world-Amit021,Amit021,https://avatars.githubusercontent.com/u/98814850?v=4,https://github.com/Amit021,https://github.com/DB-Teaching/01-01-hello-world-Amit021,4,failing
137,01,01,01-01-hello-world-ChiomasCorner,ChiomasCorner,https://avatars.githubusercontent.com/u/97297856?v=4,https://github.com/ChiomasCorner,https://github.com/DB-Teaching/01-01-hello-world-ChiomasCorner,3,not-started
184,01,01,01-01-hello-world-KizzyAdrain,KizzyAdrain,https://avatars.githubusercontent.com/u/102212173?v=4,https://github.com/KizzyAdrain,https://github.com/DB-Teaching/01-01-hello-world-KizzyAdrain,4,completed
177,01,01,01-01-hello-world-MadalinaLupacescu,MadalinaLupacescu,https://avatars.githubusercontent.com/u/94966109?v=4,https://github.com/MadalinaLupacescu,https://github.com/DB-Teaching/01-01-hello-world-MadalinaLupacescu,4,completed
175,01,01,01-01-hello-world-Marinapozhid,Marinapozhid,https://avatars.githubusercontent.com/u/94965984?v=4,https://github.com/Marinapozhid,https://github.com/DB-Teaching/01-01-hello-world-Marinapozhid,24,rework
208,01,01,01-01-hello-world-Md-Sadman-Sakib-Kabbo,Md-Sadman-Sakib-Kabbo,https://avatars.githubusercontent.com/u/102508505?v=4,https://github.com/Md-Sadman-Sakib-Kabbo,https://github.com/DB-Teaching/01-01-hello-world-Md-Sadman-Sakib-Kabbo,3,not-started
134,01,01,01-01-hello-world-OliviaA22,OliviaA22,https://avatars.githubusercontent.com/u/94966149?v=4,https://github.com/OliviaA22,https://github.com/DB-Teaching/01-01-hello-world-OliviaA22,4,completed
130,01,01,01-01-hello-world-ShahrimaAkter,ShahrimaAkter,https://avatars.githubusercontent.com/u/95343968?v=4,https://github.com/ShahrimaAkter,https://github.com/DB-Teaching/01-01-hello-world-ShahrimaAkter,3,not-started
138,01,01,01-01-hello-world-ShoikatSajib,ShoikatSajib,https://avatars.githubusercontent.com/u/95344808?v=4,https://github.com/ShoikatSajib,https://github.com/DB-Teaching/01-01-hello-world-ShoikatSajib,3,not-started
139,01,01,01-01-hello-world-Sinatun-Sadik,Sinatun-Sadik,https://avatars.githubusercontent.com/u/101703994?v=4,https://github.com/Sinatun-Sadik,https://github.com/DB-Teaching/01-01-hello-world-Sinatun-Sadik,3,not-started
131,01,01,01-01-hello-world-Tanmaytc25,Tanmaytc25,https://avatars.githubusercontent.com/u/94966061?v=4,https://github.com/Tanmaytc25,https://github.com/DB-Teaching/01-01-hello-world-Tanmaytc25,3,not-started
136,01,01,01-01-hello-world-Ucybrown,Ucybrown,https://avatars.githubusercontent.com/u/94966327?v=4,https://github.com/Ucybrown,https://github.com/DB-Teaching/01-01-hello-world-Ucybrown,12,completed
133,01,01,01-01-hello-world-chloe-1111,chloe-1111,https://avatars.githubusercontent.com/u/94966003?v=4,https://github.com/chloe-1111,https://github.com/DB-Teaching/01-01-hello-world-chloe-1111,4,completed
129,01,01,01-01-hello-world-cleverjohnson,cleverjohnson,https://avatars.githubusercontent.com/u/94965887?v=4,https://github.com/cleverjohnson,https://github.com/DB-Teaching/01-01-hello-world-cleverjohnson,5,completed
118,01,01,01-01-hello-world-dominikb1888,dominikb1888,,,https://github.com/DB-Teaching/01-01-hello-world-dominikb1888,2,completed
366,01,01,01-01-hello-world-efosdan,efosdan,https://avatars.githubusercontent.com/u/61973711?v=4,https://github.com/efosdan,https://github.com/DB-Teaching/01-01-hello-world-efosdan,3,not-started
132,01,01,01-01-hello-world-joeniho,joeniho,https://avatars.githubusercontent.com/u/38325499?v=4,https://github.com/joeniho,https://github.com/DB-Teaching/01-01-hello-world-joeniho,4,failing
433,01,01,01-01-hello-world-kubrapatra,kubrapatra,https://avatars.githubusercontent.com/u/105454244?v=4,https://github.com/kubrapatra,https://github.com/DB-Teaching/01-01-hello-world-kubrapatra,3,not-started
128,01,01,01-01-hello-world-michelleschmidt,michelleschmidt,https://avatars.githubusercontent.com/u/95343153?v=4,https://github.com/michelleschmidt,https://github.com/DB-Teaching/01-01-hello-world-michelleschmidt,4,completed
176,01,01,01-01-hello-world-murtaza65,murtaza65,https://avatars.githubusercontent.com/u/102190224?v=4,https://github.com/murtaza65,https://github.com/DB-Teaching/01-01-hello-world-murtaza65,3,not-started
141,01,01,01-01-hello-world-staycliz,staycliz,https://avatars.githubusercontent.com/u/95467893?v=4,https://github.com/staycliz,https://github.com/DB-Teaching/01-01-hello-world-staycliz,4,completed
135,01,01,01-01-hello-world-yadwinder1905,yadwinder1905,https://avatars.githubusercontent.com/u/96173895?v=4,https://github.com/yadwinder1905,https://github.com/DB-Teaching/01-01-hello-world-yadwinder1905,14,failing
140,01,01,01-01-hello-world-yllkaninaj,yllkaninaj,https://avatars.githubusercontent.com/u/97605926?v=4,https://github.com/yllkaninaj,https://github.com/DB-Teaching/01-01-hello-world-yllkaninaj,3,not-started
427,01,01,01-01-hello-world-ziadso,ziadso,https://avatars.githubusercontent.com/u/58631063?v=4,https://github.com/ziadso,https://github.com/DB-Teaching/01-01-hello-world-ziadso,4,completed
3,01,01,01-01_hello-world,dominikb1888,,,https://github.com/DB-Teaching/01-01_hello-world,1,
225,01,02,01-02-leap-Amit021,Amit021,https://avatars.githubusercontent.com/u/98814850?v=4,https://github.com/Amit021,https://github.com/DB-Teaching/01-02-leap-Amit021,6,completed
185,01,02,01-02-leap-KizzyAdrain,KizzyAdrain,https://avatars.githubusercontent.com/u/102212173?v=4,https://github.com/KizzyAdrain,https://github.com/DB-Teaching/01-02-leap-KizzyAdrain,4,completed
183,01,02,01-02-leap-MadalinaLupacescu,MadalinaLupacescu,https://avatars.githubusercontent.com/u/94966109?v=4,https://github.com/MadalinaLupacescu,https://github.com/DB-Teaching/01-02-leap-MadalinaLupacescu,3,not-started
187,01,02,01-02-leap-Marinapozhid,Marinapozhid,https://avatars.githubusercontent.com/u/94965984?v=4,https://github.com/Marinapozhid,https://github.com/DB-Teaching/01-02-leap-Marinapozhid,7,completed
145,01,02,01-02-leap-OliviaA22,OliviaA22,https://avatars.githubusercontent.com/u/94966149?v=4,https://github.com/OliviaA22,https://github.com/DB-Teaching/01-02-leap-OliviaA22,5,completed
383,01,02,01-02-leap-Tanmaytc25,Tanmaytc25,https://avatars.githubusercontent.com/u/94966061?v=4,https://github.com/Tanmaytc25,https://github.com/DB-Teaching/01-02-leap-Tanmaytc25,3,not-started
371,01,02,01-02-leap-Ucybrown,Ucybrown,https://avatars.githubusercontent.com/u/94966327?v=4,https://github.com/Ucybrown,https://github.com/DB-Teaching/01-02-leap-Ucybrown,3,not-started
142,01,02,01-02-leap-chloe-1111,chloe-1111,https://avatars.githubusercontent.com/u/94966003?v=4,https://github.com/chloe-1111,https://github.com/DB-Teaching/01-02-leap-chloe-1111,4,completed
152,01,02,01-02-leap-cleverjohnson,cleverjohnson,https://avatars.githubusercontent.com/u/94965887?v=4,https://github.com/cleverjohnson,https://github.com/DB-Teaching/01-02-leap-cleverjohnson,4,completed
119,01,02,01-02-leap-dominikb1888,dominikb1888,,,https://github.com/DB-Teaching/01-02-leap-dominikb1888,3,not-started
146,01,02,01-02-leap-joeniho,joeniho,https://avatars.githubusercontent.com/u/38325499?v=4,https://github.com/joeniho,https://github.com/DB-Teaching/01-02-leap-joeniho,3,not-started
143,01,02,01-02-leap-michelleschmidt,michelleschmidt,https://avatars.githubusercontent.com/u/95343153?v=4,https://github.com/michelleschmidt,https://github.com/DB-Teaching/01-02-leap-michelleschmidt,6,completed
266,01,02,01-02-leap-staycliz,staycliz,https://avatars.githubusercontent.com/u/95467893?v=4,https://github.com/staycliz,https://github.com/DB-Teaching/01-02-leap-staycliz,4,completed
144,01,02,01-02-leap-yadwinder1905,yadwinder1905,https://avatars.githubusercontent.com/u/96173895?v=4,https://github.com/yadwinder1905,https://github.com/DB-Teaching/01-02-leap-yadwinder1905,3,not-started
428,01,02,01-02-leap-ziadso,ziadso,https://avatars.githubusercontent.com/u/58631063?v=4,https://github.com/ziadso,https://github.com/DB-Teaching/01-02-leap-ziadso,3,not-started
4,01,02,01-02_leap,dominikb1888,,,https://github.com/DB-Teaching/01-02_leap,1,
249,01,03,01-03-gigasecond-Amit021,Amit021,https://avatars.githubusercontent.com/u/98814850?v=4,https://github.com/Amit021,https://github.com/DB-Teaching/01-03-gigasecond-Amit021,5,completed
262,01,03,01-03-gigasecond-MadalinaLupacescu,MadalinaLupacescu,https://avatars.githubusercontent.com/u/94966109?v=4,https://github.com/MadalinaLupacescu,https://github.com/DB-Teaching/01-03-gigasecond-MadalinaLupacescu,5,completed
263,01,03,01-03-gigasecond-Marinapozhid,Marinapozhid,https://avatars.githubusercontent.com/u/94965984?v=4,https://github.com/Marinapozhid,https://github.com/DB-Teaching/01-03-gigasecond-Marinapozhid,4,completed
148,01,03,01-03-gigasecond-OliviaA22,OliviaA22,https://avatars.githubusercontent.com/u/94966149?v=4,https://github.com/OliviaA22,https://github.com/DB-Teaching/01-03-gigasecond-OliviaA22,4,completed
422,01,03,01-03-gigasecond-Tanmaytc25,Tanmaytc25,https://avatars.githubusercontent.com/u/94966061?v=4,https://github.com/Tanmaytc25,https://github.com/DB-Teaching/01-03-gigasecond-Tanmaytc25,3,not-started
363,01,03,01-03-gigasecond-chloe-1111,chloe-1111,https://avatars.githubusercontent.com/u/94966003?v=4,https://github.com/chloe-1111,https://github.com/DB-Teaching/01-03-gigasecond-chloe-1111,3,not-started
159,01,03,01-03-gigasecond-cleverjohnson,cleverjohnson,https://avatars.githubusercontent.com/u/94965887?v=4,https://github.com/cleverjohnson,https://github.com/DB-Teaching/01-03-gigasecond-cleverjohnson,4,completed
122,01,03,01-03-gigasecond-dominikb1888,dominikb1888,,,https://github.com/DB-Teaching/01-03-gigasecond-dominikb1888,3,not-started
245,01,03,01-03-gigasecond-joeniho,joeniho,https://avatars.githubusercontent.com/u/38325499?v=4,https://github.com/joeniho,https://github.com/DB-Teaching/01-03-gigasecond-joeniho,3,not-started
367,01,03,01-03-gigasecond-michelleschmidt,michelleschmidt,https://avatars.githubusercontent.com/u/95343153?v=4,https://github.com/michelleschmidt,https://github.com/DB-Teaching/01-03-gigasecond-michelleschmidt,3,not-started
272,01,03,01-03-gigasecond-yadwinder1905,yadwinder1905,https://avatars.githubusercontent.com/u/96173895?v=4,https://github.com/yadwinder1905,https://github.com/DB-Teaching/01-03-gigasecond-yadwinder1905,4,completed
6,01,03,01-03_gigasecond,dominikb1888,,,https://github.com/DB-Teaching/01-03_gigasecond,1,
252,01,04,01-04-grains-Amit021,Amit021,https://avatars.githubusercontent.com/u/98814850?v=4,https://github.com/Amit021,https://github.com/DB-Teaching/01-04-grains-Amit021,17,completed
370,01,04,01-04-grains-MadalinaLupacescu,MadalinaLupacescu,https://avatars.githubusercontent.com/u/94966109?v=4,https://github.com/MadalinaLupacescu,https://github.com/DB-Teaching/01-04-grains-MadalinaLupacescu,6,completed
359,01,04,01-04-grains-Marinapozhid,Marinapozhid,https://avatars.githubusercontent.com/u/94965984?v=4,https://github.com/Marinapozhid,https://github.com/DB-Teaching/01-04-grains-Marinapozhid,8,completed
153,01,04,01-04-grains-OliviaA22,OliviaA22,https://avatars.githubusercontent.com/u/94966149?v=4,https://github.com/OliviaA22,https://github.com/DB-Teaching/01-04-grains-OliviaA22,4,completed
423,01,04,01-04-grains-Tanmaytc25,Tanmaytc25,https://avatars.githubusercontent.com/u/94966061?v=4,https://github.com/Tanmaytc25,https://github.com/DB-Teaching/01-04-grains-Tanmaytc25,3,not-started
448,01,04,01-04-grains-chloe-1111,chloe-1111,https://avatars.githubusercontent.com/u/94966003?v=4,https://github.com/chloe-1111,https://github.com/DB-Teaching/01-04-grains-chloe-1111,3,not-started
160,01,04,01-04-grains-cleverjohnson,cleverjohnson,https://avatars.githubusercontent.com/u/94965887?v=4,https://github.com/cleverjohnson,https://github.com/DB-Teaching/01-04-grains-cleverjohnson,4,completed
123,01,04,01-04-grains-dominikb1888,dominikb1888,,,https://github.com/DB-Teaching/01-04-grains-dominikb1888,3,not-started
368,01,04,01-04-grains-michelleschmidt,michelleschmidt,https://avatars.githubusercontent.com/u/95343153?v=4,https://github.com/michelleschmidt,https://github.com/DB-Teaching/01-04-grains-michelleschmidt,8,failing
361,01,04,01-04-grains-yadwinder1905,yadwinder1905,https://avatars.githubusercontent.com/u/96173895?v=4,https://github.com/yadwinder1905,https://github.com/DB-Teaching/01-04-grains-yadwinder1905,4,completed
1,01,04,01-04_grains,dominikb1888,,,https://github.com/DB-Teaching/01-04_grains,1,
365,01,05,01-05-pangram-MadalinaLupacescu,MadalinaLupacescu,https://avatars.githubusercontent.com/u/94966109?v=4,https://github.com/MadalinaLupacescu,https://github.com/DB-Teaching/01-05-pangram-MadalinaLupacescu,4,completed
416,01,05,01-05-pangram-Marinapozhid,Marinapozhid,https://avatars.githubusercontent.com/u/94965984?v=4,https://github.com/Marinapozhid,https://github.com/DB-Teaching/01-05-pangram-Marinapozhid,5,completed
157,01,05,01-05-pangram-OliviaA22,OliviaA22,https://avatars.githubusercontent.com/u/94966149?v=4,https://github.com/OliviaA22,https://github.com/DB-Teaching/01-05-pangram-OliviaA22,4,completed
180,01,05,01-05-pangram-ShahrimaAkter,ShahrimaAkter,https://avatars.githubusercontent.com/u/95343968?v=4,https://github.com/ShahrimaAkter,https://github.com/DB-Teaching/01-05-pangram-ShahrimaAkter,3,not-started
161,01,05,01-05-pangram-cleverjohnson,cleverjohnson,https://avatars.githubusercontent.com/u/94965887?v=4,https://github.com/cleverjohnson,https://github.com/DB-Teaching/01-05-pangram-cleverjohnson,4,completed
124,01,05,01-05-pangram-dominikb1888,dominikb1888,,,https://github.com/DB-Teaching/01-05-pangram-dominikb1888,3,not-started
178,01,05,01-05-pangram-efosdan,efosdan,https://avatars.githubusercontent.com/u/61973711?v=4,https://github.com/efosdan,https://github.com/DB-Teaching/01-05-pangram-efosdan,3,not-started
449,01,05,01-05-pangram-michelleschmidt,michelleschmidt,https://avatars.githubusercontent.com/u/95343153?v=4,https://github.com/michelleschmidt,https://github.com/DB-Teaching/01-05-pangram-michelleschmidt,5,failing
424,01,05,01-05-pangram-yadwinder1905,yadwinder1905,https://avatars.githubusercontent.com/u/96173895?v=4,https://github.com/yadwinder1905,https://github.com/DB-Teaching/01-05-pangram-yadwinder1905,4,completed
2,01,05,01-05_pangram,dominikb1888,,,https://github.com/DB-Teaching/01-05_pangram,2,
182,01,06,01-06-two-fer-Amit021,Amit021,https://avatars.githubusercontent.com/u/98814850?v=4,https://github.com/Amit021,https://github.com/DB-Teaching/01-06-two-fer-Amit021,3,not-started
417,01,06,01-06-two-fer-Marinapozhid,Marinapozhid,https://avatars.githubusercontent.com/u/94965984?v=4,https://github.com/Marinapozhid,https://github.com/DB-Teaching/01-06-two-fer-Marinapozhid,3,not-started
165,01,06,01-06-two-fer-OliviaA22,OliviaA22,https://avatars.githubusercontent.com/u/94966149?v=4,https://github.com/OliviaA22,https://github.com/DB-Teaching/01-06-two-fer-OliviaA22,4,completed
162,01,06,01-06-two-fer-cleverjohnson,cleverjohnson,https://avatars.githubusercontent.com/u/94965887?v=4,https://github.com/cleverjohnson,https://github.com/DB-Teaching/01-06-two-fer-cleverjohnson,4,completed
125,01,06,01-06-two-fer-dominikb1888,dominikb1888,,,https://github.com/DB-Teaching/01-06-two-fer-dominikb1888,3,not-started
179,01,06,01-06-two-fer-efosdan,efosdan,https://avatars.githubusercontent.com/u/61973711?v=4,https://github.com/efosdan,https://github.com/DB-Teaching/01-06-two-fer-efosdan,3,not-started
181,01,06,01-06-two-fer-murtaza65,murtaza65,https://avatars.githubusercontent.com/u/102190224?v=4,https://github.com/murtaza65,https://github.com/DB-Teaching/01-06-two-fer-murtaza65,3,not-started
254,01,06,01-06-two-fer-yadwinder1905,yadwinder1905,https://avatars.githubusercontent.com/u/96173895?v=4,https://github.com/yadwinder1905,https://github.com/DB-Teaching/01-06-two-fer-yadwinder1905,4,failing
7,01,06,01-06_two-fer,dominikb1888,,,https://github.com/DB-Teaching/01-06_two-fer,1,
406,01,07,01-07-collatz-conjecture-MadalinaLupacescu,MadalinaLupacescu,https://avatars.githubusercontent.com/u/94966109?v=4,https://github.com/MadalinaLupacescu,https://github.com/DB-Teaching/01-07-collatz-conjecture-MadalinaLupacescu,4,completed
418,01,07,01-07-collatz-conjecture-Marinapozhid,Marinapozhid,https://avatars.githubusercontent.com/u/94965984?v=4,https://github.com/Marinapozhid,https://github.com/DB-Teaching/01-07-collatz-conjecture-Marinapozhid,4,completed
166,01,07,01-07-collatz-conjecture-OliviaA22,OliviaA22,https://avatars.githubusercontent.com/u/94966149?v=4,https://github.com/OliviaA22,https://github.com/DB-Teaching/01-07-collatz-conjecture-OliviaA22,4,completed
163,01,07,01-07-collatz-conjecture-cleverjohnson,cleverjohnson,https://avatars.githubusercontent.com/u/94965887?v=4,https://github.com/cleverjohnson,https://github.com/DB-Teaching/01-07-collatz-conjecture-cleverjohnson,4,completed
126,01,07,01-07-collatz-conjecture-dominikb1888,dominikb1888,,,https://github.com/DB-Teaching/01-07-collatz-conjecture-dominikb1888,3,not-started
8,01,07,01-07_collatz-conjecture,dominikb1888,,,https://github.com/DB-Teaching/01-07_collatz-conjecture,1,
378,01,08,01-08-bob-Ikesee-Ikemefuna,Ikesee-Ikemefuna,https://avatars.githubusercontent.com/u/97095222?v=4,https://github.com/Ikesee-Ikemefuna,https://github.com/DB-Teaching/01-08-bob-Ikesee-Ikemefuna,3,not-started
407,01,08,01-08-bob-MadalinaLupacescu,MadalinaLupacescu,https://avatars.githubusercontent.com/u/94966109?v=4,https://github.com/MadalinaLupacescu,https://github.com/DB-Teaching/01-08-bob-MadalinaLupacescu,4,completed
419,01,08,01-08-bob-Marinapozhid,Marinapozhid,https://avatars.githubusercontent.com/u/94965984?v=4,https://github.com/Marinapozhid,https://github.com/DB-Teaching/01-08-bob-Marinapozhid,4,completed
167,01,08,01-08-bob-OliviaA22,OliviaA22,https://avatars.githubusercontent.com/u/94966149?v=4,https://github.com/OliviaA22,https://github.com/DB-Teaching/01-08-bob-OliviaA22,5,completed
151,01,08,01-08-bob-cleverjohnson,cleverjohnson,https://avatars.githubusercontent.com/u/94965887?v=4,https://github.com/cleverjohnson,https://github.com/DB-Teaching/01-08-bob-cleverjohnson,4,completed
127,01,08,01-08-bob-dominikb1888,dominikb1888,,,https://github.com/DB-Teaching/01-08-bob-dominikb1888,3,not-started
9,01,08,01-08_bob,dominikb1888,,,https://github.com/DB-Teaching/01-08_bob,1,
377,01,09,01-09-resistor-color-Ikesee-Ikemefuna,Ikesee-Ikemefuna,https://avatars.githubusercontent.com/u/97095222?v=4,https://github.com/Ikesee-Ikemefuna,https://github.com/DB-Teaching/01-09-resistor-color-Ikesee-Ikemefuna,5,not-started
408,01,09,01-09-resistor-color-MadalinaLupacescu,MadalinaLupacescu,https://avatars.githubusercontent.com/u/94966109?v=4,https://github.com/MadalinaLupacescu,https://github.com/DB-Teaching/01-09-resistor-color-MadalinaLupacescu,5,completed
420,01,09,01-09-resistor-color-Marinapozhid,Marinapozhid,https://avatars.githubusercontent.com/u/94965984?v=4,https://github.com/Marinapozhid,https://github.com/DB-Teaching/01-09-resistor-color-Marinapozhid,4,completed
248,01,09,01-09-resistor-color-OliviaA22,OliviaA22,https://avatars.githubusercontent.com/u/94966149?v=4,https://github.com/OliviaA22,https://github.com/DB-Teaching/01-09-resistor-color-OliviaA22,5,completed
268,01,09,01-09-resistor-color-cleverjohnson,cleverjohnson,https://avatars.githubusercontent.com/u/94965887?v=4,https://github.com/cleverjohnson,https://github.com/DB-Teaching/01-09-resistor-color-cleverjohnson,4,completed
360,01,09,01-09-resistor-color-yadwinder1905,yadwinder1905,https://avatars.githubusercontent.com/u/96173895?v=4,https://github.com/yadwinder1905,https://github.com/DB-Teaching/01-09-resistor-color-yadwinder1905,4,completed
34,01,09,01-09_resistor-color,dominikb1888,,,https://github.com/DB-Teaching/01-09_resistor-color,1,
409,01,10,01-10-resistor-color-duo-MadalinaLupacescu,MadalinaLupacescu,https://avatars.githubusercontent.com/u/94966109?v=4,https://github.com/MadalinaLupacescu,https://github.com/DB-Teaching/01-10-resistor-color-duo-MadalinaLupacescu,4,completed
421,01,10,01-10-resistor-color-duo-Marinapozhid,Marinapozhid,https://avatars.githubusercontent.com/u/94965984?v=4,https://github.com/Marinapozhid,https://github.com/DB-Teaching/01-10-resistor-color-duo-Marinapozhid,5,completed
269,01,10,01-10-resistor-color-duo-cleverjohnson,cleverjohnson,https://avatars.githubusercontent.com/u/94965887?v=4,https://github.com/cleverjohnson,https://github.com/DB-Teaching/01-10-resistor-color-duo-cleverjohnson,4,completed
382,01,10,01-10-resistor-color-duo-yadwinder1905,yadwinder1905,https://avatars.githubusercontent.com/u/96173895?v=4,https://github.com/yadwinder1905,https://github.com/DB-Teaching/01-10-resistor-color-duo-yadwinder1905,4,completed
37,01,10,01-10_resistor-color-duo,dominikb1888,,,https://github.com/DB-Teaching/01-10_resistor-color-duo,1,
242,01,11,01-11-high-scores-dominikb1888,dominikb1888,,,https://github.com/DB-Teaching/01-11-high-scores-dominikb1888,5,not-started
38,01,11,01-11_high-scores,dominikb1888,,,https://github.com/DB-Teaching/01-11_high-scores,1,
244,01,12,01-12-difference-of-squares-Amit021,Amit021,https://avatars.githubusercontent.com/u/98814850?v=4,https://github.com/Amit021,https://github.com/DB-Teaching/01-12-difference-of-squares-Amit021,9,completed
186,01,12,01-12-difference-of-squares-KizzyAdrain,KizzyAdrain,https://avatars.githubusercontent.com/u/102212173?v=4,https://github.com/KizzyAdrain,https://github.com/DB-Teaching/01-12-difference-of-squares-KizzyAdrain,5,not-started
222,01,12,01-12-difference-of-squares-MadalinaLupacescu,MadalinaLupacescu,https://avatars.githubusercontent.com/u/94966109?v=4,https://github.com/MadalinaLupacescu,https://github.com/DB-Teaching/01-12-difference-of-squares-MadalinaLupacescu,6,completed
221,01,12,01-12-difference-of-squares-Marinapozhid,Marinapozhid,https://avatars.githubusercontent.com/u/94965984?v=4,https://github.com/Marinapozhid,https://github.com/DB-Teaching/01-12-difference-of-squares-Marinapozhid,6,completed
147,01,12,01-12-difference-of-squares-OliviaA22,OliviaA22,https://avatars.githubusercontent.com/u/94966149?v=4,https://github.com/OliviaA22,https://github.com/DB-Teaching/01-12-difference-of-squares-OliviaA22,7,completed
251,01,12,01-12-difference-of-squares-ProfEnergyHuber,dominikb1888,,,https://github.com/DB-Teaching/01-12-difference-of-squares-ProfEnergyHuber,5,not-started
223,01,12,01-12-difference-of-squares-ShahrimaAkter,ShahrimaAkter,https://avatars.githubusercontent.com/u/95343968?v=4,https://github.com/ShahrimaAkter,https://github.com/DB-Teaching/01-12-difference-of-squares-ShahrimaAkter,5,not-started
403,01,12,01-12-difference-of-squares-Tanmaytc25,Tanmaytc25,https://avatars.githubusercontent.com/u/94966061?v=4,https://github.com/Tanmaytc25,https://github.com/DB-Teaching/01-12-difference-of-squares-Tanmaytc25,5,not-started
174,01,12,01-12-difference-of-squares-chloe-1111,chloe-1111,https://avatars.githubusercontent.com/u/94966003?v=4,https://github.com/chloe-1111,https://github.com/DB-Teaching/01-12-difference-of-squares-chloe-1111,6,failing
154,01,12,01-12-difference-of-squares-cleverjohnson,cleverjohnson,https://avatars.githubusercontent.com/u/94965887?v=4,https://github.com/cleverjohnson,https://github.com/DB-Teaching/01-12-difference-of-squares-cleverjohnson,7,completed
121,01,12,01-12-difference-of-squares-dominikb1888,dominikb1888,,,https://github.com/DB-Teaching/01-12-difference-of-squares-dominikb1888,6,failing
211,01,12,01-12-difference-of-squares-joeniho,joeniho,https://avatars.githubusercontent.com/u/38325499?v=4,https://github.com/joeniho,https://github.com/DB-Teaching/01-12-difference-of-squares-joeniho,6,failing
173,01,12,01-12-difference-of-squares-michelleschmidt,michelleschmidt,https://avatars.githubusercontent.com/u/95343153?v=4,https://github.com/michelleschmidt,https://github.com/DB-Teaching/01-12-difference-of-squares-michelleschmidt,8,failing
267,01,12,01-12-difference-of-squares-staycliz,staycliz,https://avatars.githubusercontent.com/u/95467893?v=4,https://github.com/staycliz,https://github.com/DB-Teaching/01-12-difference-of-squares-staycliz,6,completed
258,01,12,01-12-difference-of-squares-yadwinder1905,yadwinder1905,https://avatars.githubusercontent.com/u/96173895?v=4,https://github.com/yadwinder1905,https://github.com/DB-Teaching/01-12-difference-of-squares-yadwinder1905,5,not-started
5,01,12,01-12_difference-of-squares,dominikb1888,,,https://github.com/DB-Teaching/01-12_difference-of-squares,1,
324,02,01,02-01-queen-attack-Amit021,Amit021,https://avatars.githubusercontent.com/u/98814850?v=4,https://github.com/Amit021,https://github.com/DB-Teaching/02-01-queen-attack-Amit021,19,completed
206,02,01,02-01-queen-attack-Ikesee-Ikemefuna,Ikesee-Ikemefuna,https://avatars.githubusercontent.com/u/97095222?v=4,https://github.com/Ikesee-Ikemefuna,https://github.com/DB-Teaching/02-01-queen-attack-Ikesee-Ikemefuna,3,not-started
430,02,01,02-01-queen-attack-MadalinaLupacescu,MadalinaLupacescu,https://avatars.githubusercontent.com/u/94966109?v=4,https://github.com/MadalinaLupacescu,https://github.com/DB-Teaching/02-01-queen-attack-MadalinaLupacescu,3,not-started
369,02,01,02-01-queen-attack-Marinapozhid,Marinapozhid,https://avatars.githubusercontent.com/u/94965984?v=4,https://github.com/Marinapozhid,https://github.com/DB-Teaching/02-01-queen-attack-Marinapozhid,5,completed
188,02,01,02-01-queen-attack-OliviaA22,OliviaA22,https://avatars.githubusercontent.com/u/94966149?v=4,https://github.com/OliviaA22,https://github.com/DB-Teaching/02-01-queen-attack-OliviaA22,4,completed
194,02,01,02-01-queen-attack-cleverjohnson,cleverjohnson,https://avatars.githubusercontent.com/u/94965887?v=4,https://github.com/cleverjohnson,https://github.com/DB-Teaching/02-01-queen-attack-cleverjohnson,4,completed
149,02,01,02-01-queen-attack-dominikb1888,dominikb1888,,,https://github.com/DB-Teaching/02-01-queen-attack-dominikb1888,4,failing
425,02,01,02-01-queen-attack-yadwinder1905,yadwinder1905,https://avatars.githubusercontent.com/u/96173895?v=4,https://github.com/yadwinder1905,https://github.com/DB-Teaching/02-01-queen-attack-yadwinder1905,2,failing
10,02,01,02-01_queen-attack,dominikb1888,,,https://github.com/DB-Teaching/02-01_queen-attack,2,failing
340,02,02,02-02-triangle-Amit021,Amit021,https://avatars.githubusercontent.com/u/98814850?v=4,https://github.com/Amit021,https://github.com/DB-Teaching/02-02-triangle-Amit021,12,completed
379,02,02,02-02-triangle-Ikesee-Ikemefuna,Ikesee-Ikemefuna,https://avatars.githubusercontent.com/u/97095222?v=4,https://github.com/Ikesee-Ikemefuna,https://github.com/DB-Teaching/02-02-triangle-Ikesee-Ikemefuna,3,not-started
431,02,02,02-02-triangle-MadalinaLupacescu,MadalinaLupacescu,https://avatars.githubusercontent.com/u/94966109?v=4,https://github.com/MadalinaLupacescu,https://github.com/DB-Teaching/02-02-triangle-MadalinaLupacescu,3,not-started
372,02,02,02-02-triangle-Marinapozhid,Marinapozhid,https://avatars.githubusercontent.com/u/94965984?v=4,https://github.com/Marinapozhid,https://github.com/DB-Teaching/02-02-triangle-Marinapozhid,4,completed
189,02,02,02-02-triangle-OliviaA22,OliviaA22,https://avatars.githubusercontent.com/u/94966149?v=4,https://github.com/OliviaA22,https://github.com/DB-Teaching/02-02-triangle-OliviaA22,5,completed
202,02,02,02-02-triangle-cleverjohnson,cleverjohnson,https://avatars.githubusercontent.com/u/94965887?v=4,https://github.com/cleverjohnson,https://github.com/DB-Teaching/02-02-triangle-cleverjohnson,4,completed
150,02,02,02-02-triangle-dominikb1888,dominikb1888,,,https://github.com/DB-Teaching/02-02-triangle-dominikb1888,4,failing
443,02,02,02-02-triangle-yadwinder1905,yadwinder1905,https://avatars.githubusercontent.com/u/96173895?v=4,https://github.com/yadwinder1905,https://github.com/DB-Teaching/02-02-triangle-yadwinder1905,3,not-started
11,02,02,02-02_triangle,dominikb1888,,,https://github.com/DB-Teaching/02-02_triangle,1,
356,02,03,02-03-perfect-numbers-Amit021,Amit021,https://avatars.githubusercontent.com/u/98814850?v=4,https://github.com/Amit021,https://github.com/DB-Teaching/02-03-perfect-numbers-Amit021,8,completed
190,02,03,02-03-perfect-numbers-OliviaA22,OliviaA22,https://avatars.githubusercontent.com/u/94966149?v=4,https://github.com/OliviaA22,https://github.com/DB-Teaching/02-03-perfect-numbers-OliviaA22,4,completed
172,02,03,02-03-perfect-numbers-chloe-1111,chloe-1111,https://avatars.githubusercontent.com/u/94966003?v=4,https://github.com/chloe-1111,https://github.com/DB-Teaching/02-03-perfect-numbers-chloe-1111,3,not-started
204,02,03,02-03-perfect-numbers-cleverjohnson,cleverjohnson,https://avatars.githubusercontent.com/u/94965887?v=4,https://github.com/cleverjohnson,https://github.com/DB-Teaching/02-03-perfect-numbers-cleverjohnson,4,completed
195,02,03,02-03-perfect-numbers-dominikb1888,dominikb1888,,,https://github.com/DB-Teaching/02-03-perfect-numbers-dominikb1888,4,completed
12,02,03,02-03_perfect-numbers,dominikb1888,,,https://github.com/DB-Teaching/02-03_perfect-numbers,1,
358,02,04,02-04-sublist-Amit021,Amit021,https://avatars.githubusercontent.com/u/98814850?v=4,https://github.com/Amit021,https://github.com/DB-Teaching/02-04-sublist-Amit021,4,completed
410,02,04,02-04-sublist-Marinapozhid,Marinapozhid,https://avatars.githubusercontent.com/u/94965984?v=4,https://github.com/Marinapozhid,https://github.com/DB-Teaching/02-04-sublist-Marinapozhid,3,not-started
191,02,04,02-04-sublist-OliviaA22,OliviaA22,https://avatars.githubusercontent.com/u/94966149?v=4,https://github.com/OliviaA22,https://github.com/DB-Teaching/02-04-sublist-OliviaA22,4,completed
205,02,04,02-04-sublist-cleverjohnson,cleverjohnson,https://avatars.githubusercontent.com/u/94965887?v=4,https://github.com/cleverjohnson,https://github.com/DB-Teaching/02-04-sublist-cleverjohnson,4,completed
196,02,04,02-04-sublist-dominikb1888,dominikb1888,,,https://github.com/DB-Teaching/02-04-sublist-dominikb1888,3,not-started
445,02,04,02-04-sublist-yadwinder1905,yadwinder1905,https://avatars.githubusercontent.com/u/96173895?v=4,https://github.com/yadwinder1905,https://github.com/DB-Teaching/02-04-sublist-yadwinder1905,3,not-started
13,02,04,02-04_sublist,dominikb1888,,,https://github.com/DB-Teaching/02-04_sublist,1,
362,02,05,02-05-diamond-Amit021,Amit021,https://avatars.githubusercontent.com/u/98814850?v=4,https://github.com/Amit021,https://github.com/DB-Teaching/02-05-diamond-Amit021,3,not-started
429,02,05,02-05-diamond-MadalinaLupacescu,MadalinaLupacescu,https://avatars.githubusercontent.com/u/94966109?v=4,https://github.com/MadalinaLupacescu,https://github.com/DB-Teaching/02-05-diamond-MadalinaLupacescu,3,not-started
411,02,05,02-05-diamond-Marinapozhid,Marinapozhid,https://avatars.githubusercontent.com/u/94965984?v=4,https://github.com/Marinapozhid,https://github.com/DB-Teaching/02-05-diamond-Marinapozhid,4,completed
192,02,05,02-05-diamond-OliviaA22,OliviaA22,https://avatars.githubusercontent.com/u/94966149?v=4,https://github.com/OliviaA22,https://github.com/DB-Teaching/02-05-diamond-OliviaA22,4,completed
227,02,05,02-05-diamond-cleverjohnson,cleverjohnson,https://avatars.githubusercontent.com/u/94965887?v=4,https://github.com/cleverjohnson,https://github.com/DB-Teaching/02-05-diamond-cleverjohnson,4,completed
155,02,05,02-05-diamond-dominikb1888,dominikb1888,,,https://github.com/DB-Teaching/02-05-diamond-dominikb1888,11,rework
14,02,05,02-05_diamond,dominikb1888,,,https://github.com/DB-Teaching/02-05_diamond,1,
432,02,06,02-06-yacht-MadalinaLupacescu,MadalinaLupacescu,https://avatars.githubusercontent.com/u/94966109?v=4,https://github.com/MadalinaLupacescu,https://github.com/DB-Teaching/02-06-yacht-MadalinaLupacescu,3,not-started
412,02,06,02-06-yacht-Marinapozhid,Marinapozhid,https://avatars.githubusercontent.com/u/94965984?v=4,https://github.com/Marinapozhid,https://github.com/DB-Teaching/02-06-yacht-Marinapozhid,3,not-started
193,02,06,02-06-yacht-OliviaA22,OliviaA22,https://avatars.githubusercontent.com/u/94966149?v=4,https://github.com/OliviaA22,https://github.com/DB-Teaching/02-06-yacht-OliviaA22,4,completed
240,02,06,02-06-yacht-cleverjohnson,cleverjohnson,https://avatars.githubusercontent.com/u/94965887?v=4,https://github.com/cleverjohnson,https://github.com/DB-Teaching/02-06-yacht-cleverjohnson,4,completed
156,02,06,02-06-yacht-dominikb1888,dominikb1888,,,https://github.com/DB-Teaching/02-06-yacht-dominikb1888,4,completed
15,02,06,02-06_yacht,dominikb1888,,,https://github.com/DB-Teaching/02-06_yacht,1,
373,02,07,02-07-pythagorean-triplet-Marinapozhid,Marinapozhid,https://avatars.githubusercontent.com/u/94965984?v=4,https://github.com/Marinapozhid,https://github.com/DB-Teaching/02-07-pythagorean-triplet-Marinapozhid,8,completed
214,02,07,02-07-pythagorean-triplet-OliviaA22,OliviaA22,https://avatars.githubusercontent.com/u/94966149?v=4,https://github.com/OliviaA22,https://github.com/DB-Teaching/02-07-pythagorean-triplet-OliviaA22,4,completed
243,02,07,02-07-pythagorean-triplet-cleverjohnson,cleverjohnson,https://avatars.githubusercontent.com/u/94965887?v=4,https://github.com/cleverjohnson,https://github.com/DB-Teaching/02-07-pythagorean-triplet-cleverjohnson,4,completed
230,02,07,02-07-pythagorean-triplet-dominikb1888,dominikb1888,,,https://github.com/DB-Teaching/02-07-pythagorean-triplet-dominikb1888,3,not-started
16,02,07,02-07_pythagorean-triplet,dominikb1888,,,https://github.com/DB-Teaching/02-07_pythagorean-triplet,2,
447,02,08,02-08-matching-brackets-Amit021,Amit021,https://avatars.githubusercontent.com/u/98814850?v=4,https://github.com/Amit021,https://github.com/DB-Teaching/02-08-matching-brackets-Amit021,4,failing
375,02,08,02-08-matching-brackets-Marinapozhid,Marinapozhid,https://avatars.githubusercontent.com/u/94965984?v=4,https://github.com/Marinapozhid,https://github.com/DB-Teaching/02-08-matching-brackets-Marinapozhid,7,completed
215,02,08,02-08-matching-brackets-OliviaA22,OliviaA22,https://avatars.githubusercontent.com/u/94966149?v=4,https://github.com/OliviaA22,https://github.com/DB-Teaching/02-08-matching-brackets-OliviaA22,5,completed
246,02,08,02-08-matching-brackets-cleverjohnson,cleverjohnson,https://avatars.githubusercontent.com/u/94965887?v=4,https://github.com/cleverjohnson,https://github.com/DB-Teaching/02-08-matching-brackets-cleverjohnson,5,completed
158,02,08,02-08-matching-brackets-dominikb1888,dominikb1888,,,https://github.com/DB-Teaching/02-08-matching-brackets-dominikb1888,4,completed
17,02,08,02-08_matching-brackets,dominikb1888,,,https://github.com/DB-Teaching/02-08_matching-brackets,1,
413,02,09,02-09-binary-search-Marinapozhid,Marinapozhid,https://avatars.githubusercontent.com/u/94965984?v=4,https://github.com/Marinapozhid,https://github.com/DB-Teaching/02-09-binary-search-Marinapozhid,3,not-started
216,02,09,02-09-binary-search-OliviaA22,OliviaA22,https://avatars.githubusercontent.com/u/94966149?v=4,https://github.com/OliviaA22,https://github.com/DB-Teaching/02-09-binary-search-OliviaA22,4,completed
247,02,09,02-09-binary-search-cleverjohnson,cleverjohnson,https://avatars.githubusercontent.com/u/94965887?v=4,https://github.com/cleverjohnson,https://github.com/DB-Teaching/02-09-binary-search-cleverjohnson,4,completed
164,02,09,02-09-binary-search-dominikb1888,dominikb1888,,,https://github.com/DB-Teaching/02-09-binary-search-dominikb1888,3,not-started
18,02,09,02-09_binary-search,dominikb1888,,,https://github.com/DB-Teaching/02-09_binary-search,1,
415,02,10,02-10-reverse-string-Marinapozhid,Marinapozhid,https://avatars.githubusercontent.com/u/94965984?v=4,https://github.com/Marinapozhid,https://github.com/DB-Teaching/02-10-reverse-string-Marinapozhid,4,completed
217,02,10,02-10-reverse-string-OliviaA22,OliviaA22,https://avatars.githubusercontent.com/u/94966149?v=4,https://github.com/OliviaA22,https://github.com/DB-Teaching/02-10-reverse-string-OliviaA22,5,completed
255,02,10,02-10-reverse-string-cleverjohnson,cleverjohnson,https://avatars.githubusercontent.com/u/94965887?v=4,https://github.com/cleverjohnson,https://github.com/DB-Teaching/02-10-reverse-string-cleverjohnson,5,completed
231,02,10,02-10-reverse-string-dominikb1888,dominikb1888,,,https://github.com/DB-Teaching/02-10-reverse-string-dominikb1888,3,not-started
19,02,10,02-10_reverse-string,dominikb1888,,,https://github.com/DB-Teaching/02-10_reverse-string,1,
404,02,11,02-11-isbn-verifier-Marinapozhid,Marinapozhid,https://avatars.githubusercontent.com/u/94965984?v=4,https://github.com/Marinapozhid,https://github.com/DB-Teaching/02-11-isbn-verifier-Marinapozhid,4,completed
250,02,11,02-11-isbn-verifier-OliviaA22,OliviaA22,https://avatars.githubusercontent.com/u/94966149?v=4,https://github.com/OliviaA22,https://github.com/DB-Teaching/02-11-isbn-verifier-OliviaA22,4,completed
256,02,11,02-11-isbn-verifier-cleverjohnson,cleverjohnson,https://avatars.githubusercontent.com/u/94965887?v=4,https://github.com/cleverjohnson,https://github.com/DB-Teaching/02-11-isbn-verifier-cleverjohnson,4,completed
168,02,11,02-11-isbn-verifier-dominikb1888,dominikb1888,,,https://github.com/DB-Teaching/02-11-isbn-verifier-dominikb1888,3,not-started
20,02,11,02-11_isbn-verifier,dominikb1888,,,https://github.com/DB-Teaching/02-11_isbn-verifier,1,
374,02,12,02-12-rna-transcription-Marinapozhid,Marinapozhid,https://avatars.githubusercontent.com/u/94965984?v=4,https://github.com/Marinapozhid,https://github.com/DB-Teaching/02-12-rna-transcription-Marinapozhid,4,completed
326,02,12,02-12-rna-transcription-OliviaA22,OliviaA22,https://avatars.githubusercontent.com/u/94966149?v=4,https://github.com/OliviaA22,https://github.com/DB-Teaching/02-12-rna-transcription-OliviaA22,4,completed
257,02,12,02-12-rna-transcription-cleverjohnson,cleverjohnson,https://avatars.githubusercontent.com/u/94965887?v=4,https://github.com/cleverjohnson,https://github.com/DB-Teaching/02-12-rna-transcription-cleverjohnson,4,completed
232,02,12,02-12-rna-transcription-dominikb1888,dominikb1888,,,https://github.com/DB-Teaching/02-12-rna-transcription-dominikb1888,3,not-started
21,02,12,02-12_rna-transcription,dominikb1888,,,https://github.com/DB-Teaching/02-12_rna-transcription,1,
414,02,13,02-13-pig-latin-Marinapozhid,Marinapozhid,https://avatars.githubusercontent.com/u/94965984?v=4,https://github.com/Marinapozhid,https://github.com/DB-Teaching/02-13-pig-latin-Marinapozhid,3,not-started
327,02,13,02-13-pig-latin-OliviaA22,OliviaA22,https://avatars.githubusercontent.com/u/94966149?v=4,https://github.com/OliviaA22,https://github.com/DB-Teaching/02-13-pig-latin-OliviaA22,4,completed
271,02,13,02-13-pig-latin-cleverjohnson,cleverjohnson,https://avatars.githubusercontent.com/u/94965887?v=4,https://github.com/cleverjohnson,https://github.com/DB-Teaching/02-13-pig-latin-cleverjohnson,4,completed
169,02,13,02-13-pig-latin-dominikb1888,dominikb1888,,,https://github.com/DB-Teaching/02-13-pig-latin-dominikb1888,3,not-started
22,02,13,02-13_pig-latin,dominikb1888,,,https://github.com/DB-Teaching/02-13_pig-latin,1,
259,02,14,02-14-darts-Amit021,Amit021,https://avatars.githubusercontent.com/u/98814850?v=4,https://github.com/Amit021,https://github.com/DB-Teaching/02-14-darts-Amit021,4,completed
264,02,14,02-14-darts-MadalinaLupacescu,MadalinaLupacescu,https://avatars.githubusercontent.com/u/94966109?v=4,https://github.com/MadalinaLupacescu,https://github.com/DB-Teaching/02-14-darts-MadalinaLupacescu,4,completed
265,02,14,02-14-darts-Marinapozhid,Marinapozhid,https://avatars.githubusercontent.com/u/94965984?v=4,https://github.com/Marinapozhid,https://github.com/DB-Teaching/02-14-darts-Marinapozhid,4,completed
325,02,14,02-14-darts-OliviaA22,OliviaA22,https://avatars.githubusercontent.com/u/94966149?v=4,https://github.com/OliviaA22,https://github.com/DB-Teaching/02-14-darts-OliviaA22,4,completed
260,02,14,02-14-darts-Tanmaytc25,Tanmaytc25,https://avatars.githubusercontent.com/u/94966061?v=4,https://github.com/Tanmaytc25,https://github.com/DB-Teaching/02-14-darts-Tanmaytc25,3,not-started
270,02,14,02-14-darts-cleverjohnson,cleverjohnson,https://avatars.githubusercontent.com/u/94965887?v=4,https://github.com/cleverjohnson,https://github.com/DB-Teaching/02-14-darts-cleverjohnson,4,completed
170,02,14,02-14-darts-dominikb1888,dominikb1888,,,https://github.com/DB-Teaching/02-14-darts-dominikb1888,9,completed
261,02,14,02-14-darts-yadwinder1905,yadwinder1905,https://avatars.githubusercontent.com/u/96173895?v=4,https://github.com/yadwinder1905,https://github.com/DB-Teaching/02-14-darts-yadwinder1905,3,not-started
23,02,14,02-14_darts,dominikb1888,,,https://github.com/DB-Teaching/02-14_darts,1,
434,03,01,03-01-phone-number-Marinapozhid,Marinapozhid,https://avatars.githubusercontent.com/u/94965984?v=4,https://github.com/Marinapozhid,https://github.com/DB-Teaching/03-01-phone-number-Marinapozhid,3,not-started
328,03,01,03-01-phone-number-OliviaA22,OliviaA22,https://avatars.githubusercontent.com/u/94966149?v=4,https://github.com/OliviaA22,https://github.com/DB-Teaching/03-01-phone-number-OliviaA22,3,not-started
357,03,01,03-01-phone-number-cleverjohnson,cleverjohnson,https://avatars.githubusercontent.com/u/94965887?v=4,https://github.com/cleverjohnson,https://github.com/DB-Teaching/03-01-phone-number-cleverjohnson,4,completed
233,03,01,03-01-phone-number-dominikb1888,dominikb1888,,,https://github.com/DB-Teaching/03-01-phone-number-dominikb1888,3,not-started
24,03,01,03-01_phone-number,dominikb1888,,,https://github.com/DB-Teaching/03-01_phone-number,1,
426,03,02,03-02-armstrong-numbers-Marinapozhid,Marinapozhid,https://avatars.githubusercontent.com/u/94965984?v=4,https://github.com/Marinapozhid,https://github.com/DB-Teaching/03-02-armstrong-numbers-Marinapozhid,4,completed
329,03,02,03-02-armstrong-numbers-OliviaA22,OliviaA22,https://avatars.githubusercontent.com/u/94966149?v=4,https://github.com/OliviaA22,https://github.com/DB-Teaching/03-02-armstrong-numbers-OliviaA22,3,not-started
376,03,02,03-02-armstrong-numbers-cleverjohnson,cleverjohnson,https://avatars.githubusercontent.com/u/94965887?v=4,https://github.com/cleverjohnson,https://github.com/DB-Teaching/03-02-armstrong-numbers-cleverjohnson,4,completed
234,03,02,03-02-armstrong-numbers-dominikb1888,dominikb1888,,,https://github.com/DB-Teaching/03-02-armstrong-numbers-dominikb1888,1,not-started
25,03,02,03-02_armstrong-numbers,dominikb1888,,,https://github.com/DB-Teaching/03-02_armstrong-numbers,1,
435,03,03,03-03-nth-prime-Marinapozhid,Marinapozhid,https://avatars.githubusercontent.com/u/94965984?v=4,https://github.com/Marinapozhid,https://github.com/DB-Teaching/03-03-nth-prime-Marinapozhid,3,not-started
330,03,03,03-03-nth-prime-OliviaA22,OliviaA22,https://avatars.githubusercontent.com/u/94966149?v=4,https://github.com/OliviaA22,https://github.com/DB-Teaching/03-03-nth-prime-OliviaA22,4,failing
364,03,03,03-03-nth-prime-cleverjohnson,cleverjohnson,https://avatars.githubusercontent.com/u/94965887?v=4,https://github.com/cleverjohnson,https://github.com/DB-Teaching/03-03-nth-prime-cleverjohnson,4,completed
235,03,03,03-03-nth-prime-dominikb1888,dominikb1888,,,https://github.com/DB-Teaching/03-03-nth-prime-dominikb1888,6,completed
26,03,03,03-03_nth-prime,dominikb1888,,,https://github.com/DB-Teaching/03-03_nth-prime,1,
380,03,04,03-04-sum-of-multiples-Ikesee-Ikemefuna,Ikesee-Ikemefuna,https://avatars.githubusercontent.com/u/97095222?v=4,https://github.com/Ikesee-Ikemefuna,https://github.com/DB-Teaching/03-04-sum-of-multiples-Ikesee-Ikemefuna,3,not-started
436,03,04,03-04-sum-of-multiples-Marinapozhid,Marinapozhid,https://avatars.githubusercontent.com/u/94965984?v=4,https://github.com/Marinapozhid,https://github.com/DB-Teaching/03-04-sum-of-multiples-Marinapozhid,3,not-started
331,03,04,03-04-sum-of-multiples-OliviaA22,OliviaA22,https://avatars.githubusercontent.com/u/94966149?v=4,https://github.com/OliviaA22,https://github.com/DB-Teaching/03-04-sum-of-multiples-OliviaA22,4,completed
236,03,04,03-04-sum-of-multiples-dominikb1888,dominikb1888,,,https://github.com/DB-Teaching/03-04-sum-of-multiples-dominikb1888,8,completed
207,03,04,03-04-sum-of-multiples-joeniho,joeniho,https://avatars.githubusercontent.com/u/38325499?v=4,https://github.com/joeniho,https://github.com/DB-Teaching/03-04-sum-of-multiples-joeniho,3,not-started
27,03,04,03-04_sum-of-multiples,dominikb1888,,,https://github.com/DB-Teaching/03-04_sum-of-multiples,1,
381,03,05,03-05-prime-factors-Ikesee-Ikemefuna,Ikesee-Ikemefuna,https://avatars.githubusercontent.com/u/97095222?v=4,https://github.com/Ikesee-Ikemefuna,https://github.com/DB-Teaching/03-05-prime-factors-Ikesee-Ikemefuna,3,not-started
437,03,05,03-05-prime-factors-Marinapozhid,Marinapozhid,https://avatars.githubusercontent.com/u/94965984?v=4,https://github.com/Marinapozhid,https://github.com/DB-Teaching/03-05-prime-factors-Marinapozhid,3,not-started
332,03,05,03-05-prime-factors-OliviaA22,OliviaA22,https://avatars.githubusercontent.com/u/94966149?v=4,https://github.com/OliviaA22,https://github.com/DB-Teaching/03-05-prime-factors-OliviaA22,3,not-started
237,03,05,03-05-prime-factors-dominikb1888,dominikb1888,,,https://github.com/DB-Teaching/03-05-prime-factors-dominikb1888,3,not-started
28,03,05,03-05_prime-factors,dominikb1888,,,https://github.com/DB-Teaching/03-05_prime-factors,1,
384,03,06,03-06-beer-song-Ikesee-Ikemefuna,Ikesee-Ikemefuna,https://avatars.githubusercontent.com/u/97095222?v=4,https://github.com/Ikesee-Ikemefuna,https://github.com/DB-Teaching/03-06-beer-song-Ikesee-Ikemefuna,3,not-started
438,03,06,03-06-beer-song-Marinapozhid,Marinapozhid,https://avatars.githubusercontent.com/u/94965984?v=4,https://github.com/Marinapozhid,https://github.com/DB-Teaching/03-06-beer-song-Marinapozhid,3,not-started
333,03,06,03-06-beer-song-OliviaA22,OliviaA22,https://avatars.githubusercontent.com/u/94966149?v=4,https://github.com/OliviaA22,https://github.com/DB-Teaching/03-06-beer-song-OliviaA22,4,completed
197,03,06,03-06-beer-song-dominikb1888,dominikb1888,,,https://github.com/DB-Teaching/03-06-beer-song-dominikb1888,3,not-started
29,03,06,03-06_beer-song,dominikb1888,,,https://github.com/DB-Teaching/03-06_beer-song,1,
385,03,07,03-07-flatten-array-Ikesee-Ikemefuna,Ikesee-Ikemefuna,https://avatars.githubusercontent.com/u/97095222?v=4,https://github.com/Ikesee-Ikemefuna,https://github.com/DB-Teaching/03-07-flatten-array-Ikesee-Ikemefuna,3,not-started
439,03,07,03-07-flatten-array-Marinapozhid,Marinapozhid,https://avatars.githubusercontent.com/u/94965984?v=4,https://github.com/Marinapozhid,https://github.com/DB-Teaching/03-07-flatten-array-Marinapozhid,3,not-started
334,03,07,03-07-flatten-array-OliviaA22,OliviaA22,https://avatars.githubusercontent.com/u/94966149?v=4,https://github.com/OliviaA22,https://github.com/DB-Teaching/03-07-flatten-array-OliviaA22,4,completed
238,03,07,03-07-flatten-array-dominikb1888,dominikb1888,,,https://github.com/DB-Teaching/03-07-flatten-array-dominikb1888,3,not-started
30,03,07,03-07_flatten-array,dominikb1888,,,https://github.com/DB-Teaching/03-07_flatten-array,1,
386,03,08,03-08-atbash-cipher-Ikesee-Ikemefuna,Ikesee-Ikemefuna,https://avatars.githubusercontent.com/u/97095222?v=4,https://github.com/Ikesee-Ikemefuna,https://github.com/DB-Teaching/03-08-atbash-cipher-Ikesee-Ikemefuna,3,not-started
335,03,08,03-08-atbash-cipher-OliviaA22,OliviaA22,https://avatars.githubusercontent.com/u/94966149?v=4,https://github.com/OliviaA22,https://github.com/DB-Teaching/03-08-atbash-cipher-OliviaA22,3,not-started
198,03,08,03-08-atbash-cipher-dominikb1888,dominikb1888,,,https://github.com/DB-Teaching/03-08-atbash-cipher-dominikb1888,5,completed
31,03,08,03-08_atbash-cipher,dominikb1888,,,https://github.com/DB-Teaching/03-08_atbash-cipher,1,
387,03,09,03-09-series-Ikesee-Ikemefuna,Ikesee-Ikemefuna,https://avatars.githubusercontent.com/u/97095222?v=4,https://github.com/Ikesee-Ikemefuna,https://github.com/DB-Teaching/03-09-series-Ikesee-Ikemefuna,3,not-started
336,03,09,03-09-series-OliviaA22,OliviaA22,https://avatars.githubusercontent.com/u/94966149?v=4,https://github.com/OliviaA22,https://github.com/DB-Teaching/03-09-series-OliviaA22,3,not-started
199,03,09,03-09-series-dominikb1888,dominikb1888,,,https://github.com/DB-Teaching/03-09-series-dominikb1888,4,completed
32,03,09,03-09_series,dominikb1888,,,https://github.com/DB-Teaching/03-09_series,1,
388,03,10,03-10-anagram-Ikesee-Ikemefuna,Ikesee-Ikemefuna,https://avatars.githubusercontent.com/u/97095222?v=4,https://github.com/Ikesee-Ikemefuna,https://github.com/DB-Teaching/03-10-anagram-Ikesee-Ikemefuna,3,not-started
337,03,10,03-10-anagram-OliviaA22,OliviaA22,https://avatars.githubusercontent.com/u/94966149?v=4,https://github.com/OliviaA22,https://github.com/DB-Teaching/03-10-anagram-OliviaA22,4,completed
200,03,10,03-10-anagram-dominikb1888,dominikb1888,,,https://github.com/DB-Teaching/03-10-anagram-dominikb1888,5,completed
33,03,10,03-10_anagram,dominikb1888,,,https://github.com/DB-Teaching/03-10_anagram,1,
239,03,11,03-11-resistor-color-dominikb1888,dominikb1888,,,https://github.com/DB-Teaching/03-11-resistor-color-dominikb1888,5,not-started
389,03,12,03-12-list-ops-Ikesee-Ikemefuna,Ikesee-Ikemefuna,https://avatars.githubusercontent.com/u/97095222?v=4,https://github.com/Ikesee-Ikemefuna,https://github.com/DB-Teaching/03-12-list-ops-Ikesee-Ikemefuna,3,not-started
450,03,12,03-12-list-ops-Marinapozhid,Marinapozhid,https://avatars.githubusercontent.com/u/94965984?v=4,https://github.com/Marinapozhid,https://github.com/DB-Teaching/03-12-list-ops-Marinapozhid,3,not-started
338,03,12,03-12-list-ops-OliviaA22,OliviaA22,https://avatars.githubusercontent.com/u/94966149?v=4,https://github.com/OliviaA22,https://github.com/DB-Teaching/03-12-list-ops-OliviaA22,3,not-started
201,03,12,03-12-list-ops-dominikb1888,dominikb1888,,,https://github.com/DB-Teaching/03-12-list-ops-dominikb1888,3,not-started
35,03,12,03-12_list-ops,dominikb1888,,,https://github.com/DB-Teaching/03-12_list-ops,1,
390,03,13,03-13-house-Ikesee-Ikemefuna,Ikesee-Ikemefuna,https://avatars.githubusercontent.com/u/97095222?v=4,https://github.com/Ikesee-Ikemefuna,https://github.com/DB-Teaching/03-13-house-Ikesee-Ikemefuna,3,not-started
339,03,13,03-13-house-OliviaA22,OliviaA22,https://avatars.githubusercontent.com/u/94966149?v=4,https://github.com/OliviaA22,https://github.com/DB-Teaching/03-13-house-OliviaA22,3,not-started
203,03,13,03-13-house-dominikb1888,dominikb1888,,,https://github.com/DB-Teaching/03-13-house-dominikb1888,3,not-started
36,03,13,03-13_house,dominikb1888,,,https://github.com/DB-Teaching/03-13_house,1,
241,03,14,03-14-resistor-color-duo-dominikb1888,dominikb1888,,,https://github.com/DB-Teaching/03-14-resistor-color-duo-dominikb1888,5,not-started
209,04,01,04-01-etl-dominikb1888,dominikb1888,,,https://github.com/DB-Teaching/04-01-etl-dominikb1888,3,not-started
39,04,01,04-01_etl,dominikb1888,,,https://github.com/DB-Teaching/04-01_etl,1,
444,04,02,04-02-say-Ikesee-Ikemefuna,Ikesee-Ikemefuna,https://avatars.githubusercontent.com/u/97095222?v=4,https://github.com/Ikesee-Ikemefuna,https://github.com/DB-Teaching/04-02-say-Ikesee-Ikemefuna,3,not-started
210,04,02,04-02-say-dominikb1888,dominikb1888,,,https://github.com/DB-Teaching/04-02-say-dominikb1888,4,completed
40,04,02,04-02_say,dominikb1888,,,https://github.com/DB-Teaching/04-02_say,1,
392,04,03,04-03-wordy-Ikesee-Ikemefuna,Ikesee-Ikemefuna,https://avatars.githubusercontent.com/u/97095222?v=4,https://github.com/Ikesee-Ikemefuna,https://github.com/DB-Teaching/04-03-wordy-Ikesee-Ikemefuna,3,not-started
212,04,03,04-03-wordy-dominikb1888,dominikb1888,,,https://github.com/DB-Teaching/04-03-wordy-dominikb1888,3,not-started
41,04,03,04-03_wordy,dominikb1888,,,https://github.com/DB-Teaching/04-03_wordy,1,
218,04,04,04-04-crypto-square-dominikb1888,dominikb1888,,,https://github.com/DB-Teaching/04-04-crypto-square-dominikb1888,3,not-started
391,04,04,04-04-hamming-Ikesee-Ikemefuna,Ikesee-Ikemefuna,https://avatars.githubusercontent.com/u/97095222?v=4,https://github.com/Ikesee-Ikemefuna,https://github.com/DB-Teaching/04-04-hamming-Ikesee-Ikemefuna,3,not-started
219,04,04,04-04-hamming-dominikb1888,dominikb1888,,,https://github.com/DB-Teaching/04-04-hamming-dominikb1888,4,completed
42,04,04,04-04_crypto-square,dominikb1888,,,https://github.com/DB-Teaching/04-04_crypto-square,1,
43,04,04,04-04_hamming,dominikb1888,,,https://github.com/DB-Teaching/04-04_hamming,1,
405,04,05,04-05-matrix-cleverjohnson,cleverjohnson,https://avatars.githubusercontent.com/u/94965887?v=4,https://github.com/cleverjohnson,https://github.com/DB-Teaching/04-05-matrix-cleverjohnson,3,not-started
220,04,05,04-05-matrix-dominikb1888,dominikb1888,,,https://github.com/DB-Teaching/04-05-matrix-dominikb1888,3,not-started
44,04,05,04-05_matrix,dominikb1888,,,https://github.com/DB-Teaching/04-05_matrix,1,
224,04,06,04-06-minesweeper-dominikb1888,dominikb1888,,,https://github.com/DB-Teaching/04-06-minesweeper-dominikb1888,3,not-started
45,04,06,04-06_minesweeper,dominikb1888,,,https://github.com/DB-Teaching/04-06_minesweeper,1,
226,04,07,04-07-palindrome-products-dominikb1888,dominikb1888,,,https://github.com/DB-Teaching/04-07-palindrome-products-dominikb1888,4,failing
46,04,07,04-07_palindrome-products,dominikb1888,,,https://github.com/DB-Teaching/04-07_palindrome-products,1,
393,04,08,04-08-raindrops-Ikesee-Ikemefuna,Ikesee-Ikemefuna,https://avatars.githubusercontent.com/u/97095222?v=4,https://github.com/Ikesee-Ikemefuna,https://github.com/DB-Teaching/04-08-raindrops-Ikesee-Ikemefuna,3,not-started
228,04,08,04-08-raindrops-dominikb1888,dominikb1888,,,https://github.com/DB-Teaching/04-08-raindrops-dominikb1888,3,not-started
47,04,08,04-08_raindrops,dominikb1888,,,https://github.com/DB-Teaching/04-08_raindrops,1,
229,04,09,04-09-robot-name-dominikb1888,dominikb1888,,,https://github.com/DB-Teaching/04-09-robot-name-dominikb1888,3,not-started
48,04,09,04-09_robot-name,dominikb1888,,,https://github.com/DB-Teaching/04-09_robot-name,1,
394,05,01,05-01-robot-simulator-Ikesee-Ikemefuna,Ikesee-Ikemefuna,https://avatars.githubusercontent.com/u/97095222?v=4,https://github.com/Ikesee-Ikemefuna,https://github.com/DB-Teaching/05-01-robot-simulator-Ikesee-Ikemefuna,3,not-started
253,05,01,05-01-robot-simulator-dominikb1888,dominikb1888,,,https://github.com/DB-Teaching/05-01-robot-simulator-dominikb1888,3,not-started
49,05,01,05-01_robot-simulator,dominikb1888,,,https://github.com/DB-Teaching/05-01_robot-simulator,1,
273,05,02,05-02-roman-numerals-dominikb1888,dominikb1888,,,https://github.com/DB-Teaching/05-02-roman-numerals-dominikb1888,3,not-started
50,05,02,05-02_roman-numerals,dominikb1888,,,https://github.com/DB-Teaching/05-02_roman-numerals,1,
274,05,03,05-03-rotational-cipher-dominikb1888,dominikb1888,,,https://github.com/DB-Teaching/05-03-rotational-cipher-dominikb1888,3,not-started
51,05,03,05-03_rotational-cipher,dominikb1888,,,https://github.com/DB-Teaching/05-03_rotational-cipher,1,
446,05,04,05-04-run-length-encoding-Ikesee-Ikemefuna,Ikesee-Ikemefuna,https://avatars.githubusercontent.com/u/97095222?v=4,https://github.com/Ikesee-Ikemefuna,https://github.com/DB-Teaching/05-04-run-length-encoding-Ikesee-Ikemefuna,3,not-started
275,05,04,05-04-run-length-encoding-dominikb1888,dominikb1888,,,https://github.com/DB-Teaching/05-04-run-length-encoding-dominikb1888,3,not-started
52,05,04,05-04_run-length-encoding,dominikb1888,,,https://github.com/DB-Teaching/05-04_run-length-encoding,1,
276,05,05,05-05-secret-handshake-dominikb1888,dominikb1888,,,https://github.com/DB-Teaching/05-05-secret-handshake-dominikb1888,3,not-started
53,05,05,05-05_secret-handshake,dominikb1888,,,https://github.com/DB-Teaching/05-05_secret-handshake,1,
442,05,06,05-06-sieve-Ikesee-Ikemefuna,Ikesee-Ikemefuna,https://avatars.githubusercontent.com/u/97095222?v=4,https://github.com/Ikesee-Ikemefuna,https://github.com/DB-Teaching/05-06-sieve-Ikesee-Ikemefuna,3,not-started
277,05,06,05-06-sieve-dominikb1888,dominikb1888,,,https://github.com/DB-Teaching/05-06-sieve-dominikb1888,3,not-started
54,05,06,05-06_sieve,dominikb1888,,,https://github.com/DB-Teaching/05-06_sieve,1,
396,05,07,05-07-space-age-Ikesee-Ikemefuna,Ikesee-Ikemefuna,https://avatars.githubusercontent.com/u/97095222?v=4,https://github.com/Ikesee-Ikemefuna,https://github.com/DB-Teaching/05-07-space-age-Ikesee-Ikemefuna,3,not-started
278,05,07,05-07-space-age-dominikb1888,dominikb1888,,,https://github.com/DB-Teaching/05-07-space-age-dominikb1888,3,not-started
55,05,07,05-07_space-age,dominikb1888,,,https://github.com/DB-Teaching/05-07_space-age,1,
279,05,08,05-08-spiral-matrix-dominikb1888,dominikb1888,,,https://github.com/DB-Teaching/05-08-spiral-matrix-dominikb1888,3,not-started
56,05,08,05-08_spiral-matrix,dominikb1888,,,https://github.com/DB-Teaching/05-08_spiral-matrix,1,
395,05,09,05-09-transpose-Ikesee-Ikemefuna,Ikesee-Ikemefuna,https://avatars.githubusercontent.com/u/97095222?v=4,https://github.com/Ikesee-Ikemefuna,https://github.com/DB-Teaching/05-09-transpose-Ikesee-Ikemefuna,3,not-started
280,05,09,05-09-transpose-dominikb1888,dominikb1888,,,https://github.com/DB-Teaching/05-09-transpose-dominikb1888,3,not-started
57,05,09,05-09_transpose,dominikb1888,,,https://github.com/DB-Teaching/05-09_transpose,1,
440,07,01,07-01-meetup-Ikesee-Ikemefuna,Ikesee-Ikemefuna,https://avatars.githubusercontent.com/u/97095222?v=4,https://github.com/Ikesee-Ikemefuna,https://github.com/DB-Teaching/07-01-meetup-Ikesee-Ikemefuna,3,not-started
281,07,01,07-01-meetup-dominikb1888,dominikb1888,,,https://github.com/DB-Teaching/07-01-meetup-dominikb1888,3,not-started
58,07,01,07-01_meetup,dominikb1888,,,https://github.com/DB-Teaching/07-01_meetup,1,
441,07,02,07-02-dnd-character-Ikesee-Ikemefuna,Ikesee-Ikemefuna,https://avatars.githubusercontent.com/u/97095222?v=4,https://github.com/Ikesee-Ikemefuna,https://github.com/DB-Teaching/07-02-dnd-character-Ikesee-Ikemefuna,3,not-started
282,07,02,07-02-dnd-character-dominikb1888,dominikb1888,,,https://github.com/DB-Teaching/07-02-dnd-character-dominikb1888,3,not-started
59,07,02,07-02_dnd-character,dominikb1888,,,https://github.com/DB-Teaching/07-02_dnd-character,1,
283,07,03,07-03-simple-linked-list-dominikb1888,dominikb1888,,,https://github.com/DB-Teaching/07-03-simple-linked-list-dominikb1888,3,not-started
60,07,03,07-03_simple-linked-list,dominikb1888,,,https://github.com/DB-Teaching/07-03_simple-linked-list,1,
284,07,04,07-04-scale-generator-dominikb1888,dominikb1888,,,https://github.com/DB-Teaching/07-04-scale-generator-dominikb1888,3,not-started
61,07,04,07-04_scale-generator,dominikb1888,,,https://github.com/DB-Teaching/07-04_scale-generator,1,
285,07,05,07-05-go-counting-dominikb1888,dominikb1888,,,https://github.com/DB-Teaching/07-05-go-counting-dominikb1888,3,not-started
62,07,05,07-05_go-counting,dominikb1888,,,https://github.com/DB-Teaching/07-05_go-counting,1,
286,07,06,07-06-luhn-dominikb1888,dominikb1888,,,https://github.com/DB-Teaching/07-06-luhn-dominikb1888,3,not-started
63,07,06,07-06_luhn,dominikb1888,,,https://github.com/DB-Teaching/07-06_luhn,1,
397,07,07,07-07-clock-Ikesee-Ikemefuna,Ikesee-Ikemefuna,https://avatars.githubusercontent.com/u/97095222?v=4,https://github.com/Ikesee-Ikemefuna,https://github.com/DB-Teaching/07-07-clock-Ikesee-Ikemefuna,3,not-started
287,07,07,07-07-clock-dominikb1888,dominikb1888,,,https://github.com/DB-Teaching/07-07-clock-dominikb1888,3,not-started
64,07,07,07-07_clock,dominikb1888,,,https://github.com/DB-Teaching/07-07_clock,1,
288,07,08,07-08-complex-numbers-dominikb1888,dominikb1888,,,https://github.com/DB-Teaching/07-08-complex-numbers-dominikb1888,3,not-started
65,07,08,07-08_complex-numbers,dominikb1888,,,https://github.com/DB-Teaching/07-08_complex-numbers,1,
289,07,09,07-09-allergies-dominikb1888,dominikb1888,,,https://github.com/DB-Teaching/07-09-allergies-dominikb1888,3,not-started
66,07,09,07-09_allergies,dominikb1888,,,https://github.com/DB-Teaching/07-09_allergies,1,
290,07,10,07-10-linked-list-dominikb1888,dominikb1888,,,https://github.com/DB-Teaching/07-10-linked-list-dominikb1888,3,not-started
67,07,10,07-10_linked-list,dominikb1888,,,https://github.com/DB-Teaching/07-10_linked-list,1,
291,07,11,07-11-kindergarten-garden-dominikb1888,dominikb1888,,,https://github.com/DB-Teaching/07-11-kindergarten-garden-dominikb1888,3,not-started
68,07,11,07-11_kindergarten-garden,dominikb1888,,,https://github.com/DB-Teaching/07-11_kindergarten-garden,1,
292,07,12,07-12-connect-dominikb1888,dominikb1888,,,https://github.com/DB-Teaching/07-12-connect-dominikb1888,3,not-started
69,07,12,07-12_connect,dominikb1888,,,https://github.com/DB-Teaching/07-12_connect,1,
398,07,13,07-13-simple-cipher-Ikesee-Ikemefuna,Ikesee-Ikemefuna,https://avatars.githubusercontent.com/u/97095222?v=4,https://github.com/Ikesee-Ikemefuna,https://github.com/DB-Teaching/07-13-simple-cipher-Ikesee-Ikemefuna,3,not-started
293,07,13,07-13-simple-cipher-dominikb1888,dominikb1888,,,https://github.com/DB-Teaching/07-13-simple-cipher-dominikb1888,3,not-started
70,07,13,07-13_simple-cipher,dominikb1888,,,https://github.com/DB-Teaching/07-13_simple-cipher,1,
294,07,14,07-14-tree-building-dominikb1888,dominikb1888,,,https://github.com/DB-Teaching/07-14-tree-building-dominikb1888,3,not-started
71,07,14,07-14_tree-building,dominikb1888,,,https://github.com/DB-Teaching/07-14_tree-building,1,
399,07,15,07-15-grade-school-Ikesee-Ikemefuna,Ikesee-Ikemefuna,https://avatars.githubusercontent.com/u/97095222?v=4,https://github.com/Ikesee-Ikemefuna,https://github.com/DB-Teaching/07-15-grade-school-Ikesee-Ikemefuna,3,not-started
295,07,15,07-15-grade-school-dominikb1888,dominikb1888,,,https://github.com/DB-Teaching/07-15-grade-school-dominikb1888,3,not-started
72,07,15,07-15_grade-school,dominikb1888,,,https://github.com/DB-Teaching/07-15_grade-school,1,
400,07,16,07-16-circular-buffer-Ikesee-Ikemefuna,Ikesee-Ikemefuna,https://avatars.githubusercontent.com/u/97095222?v=4,https://github.com/Ikesee-Ikemefuna,https://github.com/DB-Teaching/07-16-circular-buffer-Ikesee-Ikemefuna,3,not-started
296,07,16,07-16-circular-buffer-dominikb1888,dominikb1888,,,https://github.com/DB-Teaching/07-16-circular-buffer-dominikb1888,3,not-started
73,07,16,07-16_circular-buffer,dominikb1888,,,https://github.com/DB-Teaching/07-16_circular-buffer,1,
297,08,01,08-01-grep-dominikb1888,dominikb1888,,,https://github.com/DB-Teaching/08-01-grep-dominikb1888,3,not-started
74,08,01,08-01_grep,dominikb1888,,,https://github.com/DB-Teaching/08-01_grep,1,
298,08,02,08-02-poker-dominikb1888,dominikb1888,,,https://github.com/DB-Teaching/08-02-poker-dominikb1888,3,not-started
75,08,02,08-02_poker,dominikb1888,,,https://github.com/DB-Teaching/08-02_poker,1,
299,08,03,08-03-rectangles-dominikb1888,dominikb1888,,,https://github.com/DB-Teaching/08-03-rectangles-dominikb1888,3,not-started
76,08,03,08-03_rectangles,dominikb1888,,,https://github.com/DB-Teaching/08-03_rectangles,1,
300,08,04,08-04-change-dominikb1888,dominikb1888,,,https://github.com/DB-Teaching/08-04-change-dominikb1888,3,not-started
77,08,04,08-04_change,dominikb1888,,,https://github.com/DB-Teaching/08-04_change,1,
301,08,05,08-05-all-your-base-dominikb1888,dominikb1888,,,https://github.com/DB-Teaching/08-05-all-your-base-dominikb1888,3,not-started
78,08,05,08-05_all-your-base,dominikb1888,,,https://github.com/DB-Teaching/08-05_all-your-base,1,
302,08,06,08-06-diffie-hellman-dominikb1888,dominikb1888,,,https://github.com/DB-Teaching/08-06-diffie-hellman-dominikb1888,3,not-started
79,08,06,08-06_diffie-hellman,dominikb1888,,,https://github.com/DB-Teaching/08-06_diffie-hellman,1,
303,08,07,08-07-variable-length-quantity-dominikb1888,dominikb1888,,,https://github.com/DB-Teaching/08-07-variable-length-quantity-dominikb1888,3,not-started
80,08,07,08-07_variable-length-quantity,dominikb1888,,,https://github.com/DB-Teaching/08-07_variable-length-quantity,1,
304,08,08,08-08-largest-series-product-dominikb1888,dominikb1888,,,https://github.com/DB-Teaching/08-08-largest-series-product-dominikb1888,3,not-started
81,08,08,08-08_largest-series-product,dominikb1888,,,https://github.com/DB-Teaching/08-08_largest-series-product,1,
305,08,09,08-09-ocr-numbers-dominikb1888,dominikb1888,,,https://github.com/DB-Teaching/08-09-ocr-numbers-dominikb1888,3,not-started
82,08,09,08-09_ocr-numbers,dominikb1888,,,https://github.com/DB-Teaching/08-09_ocr-numbers,1,
306,08,10,08-10-rail-fence-cipher-dominikb1888,dominikb1888,,,https://github.com/DB-Teaching/08-10-rail-fence-cipher-dominikb1888,3,not-started
83,08,10,08-10_rail-fence-cipher,dominikb1888,,,https://github.com/DB-Teaching/08-10_rail-fence-cipher,1,
307,08,11,08-11-food-chain-dominikb1888,dominikb1888,,,https://github.com/DB-Teaching/08-11-food-chain-dominikb1888,3,not-started
84,08,11,08-11_food-chain,dominikb1888,,,https://github.com/DB-Teaching/08-11_food-chain,1,
308,08,12,08-12-saddle-points-dominikb1888,dominikb1888,,,https://github.com/DB-Teaching/08-12-saddle-points-dominikb1888,3,not-started
85,08,12,08-12_saddle-points,dominikb1888,,,https://github.com/DB-Teaching/08-12_saddle-points,1,
401,08,13,08-13-protein-translation-Ikesee-Ikemefuna,Ikesee-Ikemefuna,https://avatars.githubusercontent.com/u/97095222?v=4,https://github.com/Ikesee-Ikemefuna,https://github.com/DB-Teaching/08-13-protein-translation-Ikesee-Ikemefuna,3,not-started
309,08,13,08-13-protein-translation-dominikb1888,dominikb1888,,,https://github.com/DB-Teaching/08-13-protein-translation-dominikb1888,3,not-started
86,08,13,08-13_protein-translation,dominikb1888,,,https://github.com/DB-Teaching/08-13_protein-translation,1,
213,08,14,08-14-acronym-dominikb1888,dominikb1888,,,https://github.com/DB-Teaching/08-14-acronym-dominikb1888,4,completed
87,08,14,08-14_acronym,dominikb1888,,,https://github.com/DB-Teaching/08-14_acronym,1,
310,08,15,08-15-scrabble-score-dominikb1888,dominikb1888,,,https://github.com/DB-Teaching/08-15-scrabble-score-dominikb1888,3,not-started
88,08,15,08-15_scrabble-score,dominikb1888,,,https://github.com/DB-Teaching/08-15_scrabble-score,1,
311,08,16,08-16-markdown-dominikb1888,dominikb1888,,,https://github.com/DB-Teaching/08-16-markdown-dominikb1888,3,not-started
89,08,16,08-16_markdown,dominikb1888,,,https://github.com/DB-Teaching/08-16_markdown,1,
312,08,17,08-17-isogram-dominikb1888,dominikb1888,,,https://github.com/DB-Teaching/08-17-isogram-dominikb1888,3,not-started
90,08,17,08-17_isogram,dominikb1888,,,https://github.com/DB-Teaching/08-17_isogram,1,
313,08,18,08-18-word-count-dominikb1888,dominikb1888,,,https://github.com/DB-Teaching/08-18-word-count-dominikb1888,3,not-started
91,08,18,08-18_word-count,dominikb1888,,,https://github.com/DB-Teaching/08-18_word-count,1,
314,09,01,09-01-affine-cipher-dominikb1888,dominikb1888,,,https://github.com/DB-Teaching/09-01-affine-cipher-dominikb1888,3,not-started
92,09,01,09-01_affine-cipher,dominikb1888,,,https://github.com/DB-Teaching/09-01_affine-cipher,1,
315,09,02,09-02-binary-search-tree-dominikb1888,dominikb1888,,,https://github.com/DB-Teaching/09-02-binary-search-tree-dominikb1888,3,not-started
93,09,02,09-02_binary-search-tree,dominikb1888,,,https://github.com/DB-Teaching/09-02_binary-search-tree,1,
402,09,03,09-03-book-store-Ikesee-Ikemefuna,Ikesee-Ikemefuna,https://avatars.githubusercontent.com/u/97095222?v=4,https://github.com/Ikesee-Ikemefuna,https://github.com/DB-Teaching/09-03-book-store-Ikesee-Ikemefuna,3,not-started
316,09,03,09-03-book-store-dominikb1888,dominikb1888,,,https://github.com/DB-Teaching/09-03-book-store-dominikb1888,3,not-started
94,09,03,09-03_book-store,dominikb1888,,,https://github.com/DB-Teaching/09-03_book-store,1,
317,09,04,09-04-bowling-dominikb1888,dominikb1888,,,https://github.com/DB-Teaching/09-04-bowling-dominikb1888,3,not-started
95,09,04,09-04_bowling,dominikb1888,,,https://github.com/DB-Teaching/09-04_bowling,1,
318,09,05,09-05-custom-set-dominikb1888,dominikb1888,,,https://github.com/DB-Teaching/09-05-custom-set-dominikb1888,3,not-started
96,09,05,09-05_custom-set,dominikb1888,,,https://github.com/DB-Teaching/09-05_custom-set,1,
319,09,06,09-06-dot-dsl-dominikb1888,dominikb1888,,,https://github.com/DB-Teaching/09-06-dot-dsl-dominikb1888,3,not-started
97,09,06,09-06_dot-dsl,dominikb1888,,,https://github.com/DB-Teaching/09-06_dot-dsl,1,
320,09,07,09-07-forth-dominikb1888,dominikb1888,,,https://github.com/DB-Teaching/09-07-forth-dominikb1888,3,not-started
98,09,07,09-07_forth,dominikb1888,,,https://github.com/DB-Teaching/09-07_forth,1,
321,09,08,09-08-hangman-dominikb1888,dominikb1888,,,https://github.com/DB-Teaching/09-08-hangman-dominikb1888,3,not-started
99,09,08,09-08_hangman,dominikb1888,,,https://github.com/DB-Teaching/09-08_hangman,1,
322,09,09,09-09-knapsack-dominikb1888,dominikb1888,,,https://github.com/DB-Teaching/09-09-knapsack-dominikb1888,3,not-started
100,09,09,09-09_knapsack,dominikb1888,,,https://github.com/DB-Teaching/09-09_knapsack,1,
323,10,01,10-01-ledger-dominikb1888,dominikb1888,,,https://github.com/DB-Teaching/10-01-ledger-dominikb1888,7,completed
101,10,01,10-01_ledger,dominikb1888,,,https://github.com/DB-Teaching/10-01_ledger,1,
341,10,02,10-02-rational-numbers-dominikb1888,dominikb1888,,,https://github.com/DB-Teaching/10-02-rational-numbers-dominikb1888,3,not-started
102,10,02,10-02_rational-numbers,dominikb1888,,,https://github.com/DB-Teaching/10-02_rational-numbers,1,
342,10,03,10-03-tournament-dominikb1888,dominikb1888,,,https://github.com/DB-Teaching/10-03-tournament-dominikb1888,3,not-started
103,10,03,10-03_tournament,dominikb1888,,,https://github.com/DB-Teaching/10-03_tournament,1,
343,10,04,10-04-twelve-days-dominikb1888,dominikb1888,,,https://github.com/DB-Teaching/10-04-twelve-days-dominikb1888,3,not-started
104,10,04,10-04_twelve-days,dominikb1888,,,https://github.com/DB-Teaching/10-04_twelve-days,1,
344,10,05,10-05-two-bucket-dominikb1888,dominikb1888,,,https://github.com/DB-Teaching/10-05-two-bucket-dominikb1888,3,not-started
105,10,05,10-05_two-bucket,dominikb1888,,,https://github.com/DB-Teaching/10-05_two-bucket,1,
120,10,06,10-06-zebra-puzzle-dominikb1888,dominikb1888,,,https://github.com/DB-Teaching/10-06-zebra-puzzle-dominikb1888,3,not-started
106,10,06,10-06_zebra-puzzle,dominikb1888,,,https://github.com/DB-Teaching/10-06_zebra-puzzle,1,
345,10,07,10-07-alphametics-dominikb1888,dominikb1888,,,https://github.com/DB-Teaching/10-07-alphametics-dominikb1888,3,not-started
107,10,07,10-07_alphametics,dominikb1888,,,https://github.com/DB-Teaching/10-07_alphametics,1,
346,10,08,10-08-react-dominikb1888,dominikb1888,,,https://github.com/DB-Teaching/10-08-react-dominikb1888,3,not-started
108,10,08,10-08_react,dominikb1888,,,https://github.com/DB-Teaching/10-08_react,1,
347,11,01,11-01-word-search-dominikb1888,dominikb1888,,,https://github.com/DB-Teaching/11-01-word-search-dominikb1888,3,not-started
109,11,01,11-01_word-search,dominikb1888,,,https://github.com/DB-Teaching/11-01_word-search,1,
348,11,02,11-02-zipper-dominikb1888,dominikb1888,,,https://github.com/DB-Teaching/11-02-zipper-dominikb1888,3,not-started
110,11,02,11-02_zipper,dominikb1888,,,https://github.com/DB-Teaching/11-02_zipper,1,
349,11,03,11-03-dominoes-dominikb1888,dominikb1888,,,https://github.com/DB-Teaching/11-03-dominoes-dominikb1888,3,not-started
111,11,03,11-03_dominoes,dominikb1888,,,https://github.com/DB-Teaching/11-03_dominoes,1,
350,12,01,12-01-paasio-dominikb1888,dominikb1888,,,https://github.com/DB-Teaching/12-01-paasio-dominikb1888,3,not-started
112,12,01,12-01_paasio,dominikb1888,,,https://github.com/DB-Teaching/12-01_paasio,1,
351,12,02,12-02-satellite-dominikb1888,dominikb1888,,,https://github.com/DB-Teaching/12-02-satellite-dominikb1888,3,not-started
113,12,02,12-02_satellite,dominikb1888,,,https://github.com/DB-Teaching/12-02_satellite,1,
352,12,03,12-03-sgf-parsing-dominikb1888,dominikb1888,,,https://github.com/DB-Teaching/12-03-sgf-parsing-dominikb1888,3,not-started
114,12,03,12-03_sgf-parsing,dominikb1888,,,https://github.com/DB-Teaching/12-03_sgf-parsing,1,
354,13,01,13-01-bank-account-dominikb1888,dominikb1888,,,https://github.com/DB-Teaching/13-01-bank-account-dominikb1888,3,not-started
115,13,01,13-01_bank-account,dominikb1888,,,https://github.com/DB-Teaching/13-01_bank-account,1,
353,14,01,14-01-pov-dominikb1888,dominikb1888,,,https://github.com/DB-Teaching/14-01-pov-dominikb1888,3,not-started
116,14,01,14-01_pov,dominikb1888,,,https://github.com/DB-Teaching/14-01_pov,1,
355,15,01,15-01-rest-api-dominikb1888,dominikb1888,,,https://github.com/DB-Teaching/15-01-rest-api-dominikb1888,3,not-started
117,15,01,15-01_rest-api,dominikb1888,,,https://github.com/DB-Teaching/15-01_rest-api,1,
0,github,starter,github-starter-course,dominikb1888,,,https://github.com/DB-Teaching/github-starter-course,1,not-started
